order_id,date,product,category,region,quantity,unit_price,total,status,customer_rating
ORD-10000,2024-05-05,Bluetooth Speaker,Electronics,EU,3,55.66,166.98,Completed,5
ORD-10001,2024-02-14,Running Shoes,Clothing,MENA,5,69.5,347.5,Refunded,3
ORD-10002,2024-09-15,Wireless Headphones,Electronics,MENA,2,83.1,166.2,Completed,5
ORD-10003,2024-08-02,Python Book,Books,EU,5,32.36,161.8,Refunded,5
ORD-10004,2024-03-22,Yoga Mat,Sports,APAC,1,24.25,24.25,Completed,4
ORD-10005,2024-02-22,Coffee Maker,Home & Kitchen,US,3,43.4,130.2,Refunded,3
ORD-10006,2024-05-15,Smartwatch,Electronics,US,5,222.36,1111.8,Refunded,5
ORD-10007,2024-02-10,Running Shoes,Clothing,MENA,4,74.31,297.24,Completed,5
ORD-10008,2024-10-22,Dumbbells,Sports,EU,3,42.61,127.83,Completed,3
ORD-10009,2024-02-10,Bluetooth Speaker,Electronics,EU,3,57.41,172.23,Completed,5
ORD-10010,2024-03-24,Yoga Mat,Sports,UK,3,22.29,66.87,Completed,4
ORD-10011,2024-11-07,Bluetooth Speaker,Electronics,EU,1,57.99,57.99,Pending,5
ORD-10012,2024-05-18,Python Book,Books,MENA,4,28.22,112.88,Completed,5
ORD-10013,2024-04-27,Smartwatch,Electronics,US,1,222.13,222.13,Completed,5
ORD-10014,2024-06-10,Yoga Mat,Sports,EU,5,20.16,100.8,Refunded,5
ORD-10015,2024-03-14,Resistance Bands,Sports,UK,4,19.75,79.0,Completed,4
ORD-10016,2024-10-26,Jacket,Clothing,APAC,3,82.19,246.57,Pending,5
ORD-10017,2024-09-17,Smartwatch,Electronics,APAC,2,190.96,381.92,Completed,3
ORD-10018,2024-12-14,Novel - Bestseller,Books,APAC,2,17.61,35.22,Pending,3
ORD-10019,2024-09-27,Backpack,Clothing,UK,4,47.78,191.12,Pending,3
ORD-10020,2024-05-16,Bluetooth Speaker,Electronics,UK,5,64.8,324.0,Completed,4
ORD-10021,2024-05-14,Backpack,Clothing,MENA,1,45.1,45.1,Completed,5
ORD-10022,2024-11-23,Resistance Bands,Sports,MENA,3,16.22,48.66,Pending,4
ORD-10023,2024-10-03,Coffee Maker,Home & Kitchen,MENA,2,45.2,90.4,Completed,5
ORD-10024,2024-07-04,Smartwatch,Electronics,UK,1,204.42,204.42,Completed,3
ORD-10025,2024-02-13,Python Book,Books,APAC,1,33.57,33.57,Completed,5
ORD-10026,2024-10-08,Air Fryer,Home & Kitchen,EU,4,67.06,268.24,Completed,5
ORD-10027,2024-10-03,Novel - Bestseller,Books,EU,2,19.97,39.94,Completed,5
ORD-10028,2024-09-21,Bluetooth Speaker,Electronics,APAC,4,63.74,254.96,Completed,4
ORD-10029,2024-10-28,Python Book,Books,MENA,1,27.47,27.47,Completed,5
ORD-10030,2024-04-27,Python Book,Books,US,1,27.04,27.04,Completed,4
ORD-10031,2024-12-08,Running Shoes,Clothing,APAC,3,66.86,200.58,Completed,5
ORD-10032,2024-10-22,Coffee Maker,Home & Kitchen,APAC,5,49.18,245.9,Completed,5
ORD-10033,2024-02-19,Air Fryer,Home & Kitchen,APAC,1,72.13,72.13,Completed,5
ORD-10034,2024-12-10,Backpack,Clothing,US,1,48.8,48.8,Completed,5
ORD-10035,2024-05-07,Jacket,Clothing,EU,1,77.8,77.8,Completed,5
ORD-10036,2024-05-22,Blender,Home & Kitchen,APAC,2,51.43,102.86,Completed,3
ORD-10037,2024-02-20,Blender,Home & Kitchen,US,5,60.61,303.05,Pending,3
ORD-10038,2024-03-26,Running Shoes,Clothing,APAC,2,73.55,147.1,Refunded,5
ORD-10039,2024-03-25,Python Book,Books,APAC,1,33.47,33.47,Completed,5
ORD-10040,2024-05-26,Yoga Mat,Sports,APAC,4,24.9,99.6,Pending,5
ORD-10041,2024-05-31,Jacket,Clothing,EU,2,80.71,161.42,Completed,5
ORD-10042,2024-01-30,Jacket,Clothing,US,3,81.81,245.43,Pending,5
ORD-10043,2024-03-21,Notebook Set,Books,US,5,16.94,84.7,Pending,3
ORD-10044,2024-02-04,Novel - Bestseller,Books,EU,5,17.97,89.85,Refunded,3
ORD-10045,2024-10-31,Resistance Bands,Sports,US,5,18.24,91.2,Pending,3
ORD-10046,2024-09-24,Backpack,Clothing,UK,5,51.09,255.45,Completed,4
ORD-10047,2024-05-15,Bluetooth Speaker,Electronics,APAC,2,64.73,129.46,Completed,5
ORD-10048,2024-02-07,Bluetooth Speaker,Electronics,US,3,58.49,175.47,Refunded,5
ORD-10049,2024-10-02,Dumbbells,Sports,EU,1,43.66,43.66,Pending,4
ORD-10050,2024-05-05,Coffee Maker,Home & Kitchen,UK,1,51.57,51.57,Completed,4
ORD-10051,2024-11-09,Blender,Home & Kitchen,MENA,3,60.96,182.88,Completed,5
ORD-10052,2024-03-09,Novel - Bestseller,Books,UK,1,19.72,19.72,Completed,3
ORD-10053,2024-05-24,Jacket,Clothing,MENA,3,82.03,246.09,Completed,5
ORD-10054,2024-09-15,Smartwatch,Electronics,APAC,3,190.17,570.51,Completed,3
ORD-10055,2024-01-23,Running Shoes,Clothing,US,3,68.81,206.43,Completed,4
ORD-10056,2024-08-14,Bluetooth Speaker,Electronics,MENA,2,68.69,137.38,Refunded,5
ORD-10057,2024-10-06,Wireless Headphones,Electronics,US,2,83.51,167.02,Completed,5
ORD-10058,2024-01-22,Notebook Set,Books,UK,2,14.05,28.1,Completed,3
ORD-10059,2024-12-07,Resistance Bands,Sports,US,2,17.32,34.64,Completed,5
ORD-10060,2024-03-20,Resistance Bands,Sports,EU,5,19.58,97.9,Completed,4
ORD-10061,2024-06-19,Resistance Bands,Sports,APAC,2,17.55,35.1,Completed,4
ORD-10062,2024-07-14,Coffee Maker,Home & Kitchen,US,1,49.91,49.91,Refunded,4
ORD-10063,2024-06-28,Python Book,Books,UK,4,33.11,132.44,Completed,4
ORD-10064,2024-06-17,Wireless Headphones,Electronics,UK,4,95.84,383.36,Completed,4
ORD-10065,2024-12-13,Smartwatch,Electronics,MENA,4,212.06,848.24,Completed,3
ORD-10066,2024-04-01,Running Shoes,Clothing,MENA,3,72.75,218.25,Completed,3
ORD-10067,2024-06-09,Running Shoes,Clothing,APAC,3,68.19,204.57,Pending,5
ORD-10068,2024-04-07,Running Shoes,Clothing,UK,5,64.76,323.8,Completed,5
ORD-10069,2024-12-17,Backpack,Clothing,EU,5,43.22,216.1,Completed,5
ORD-10070,2024-11-15,Running Shoes,Clothing,UK,3,73.92,221.76,Completed,5
ORD-10071,2024-12-07,Resistance Bands,Sports,APAC,3,17.06,51.18,Completed,5
ORD-10072,2024-04-08,Jacket,Clothing,APAC,2,76.94,153.88,Refunded,5
ORD-10073,2024-10-18,Jacket,Clothing,UK,5,88.93,444.65,Refunded,5
ORD-10074,2024-04-17,Novel - Bestseller,Books,APAC,3,17.09,51.27,Pending,5
ORD-10075,2024-08-14,Bluetooth Speaker,Electronics,EU,4,58.82,235.28,Pending,5
ORD-10076,2024-12-03,Air Fryer,Home & Kitchen,US,2,81.02,162.04,Completed,5
ORD-10077,2024-02-17,Bluetooth Speaker,Electronics,EU,3,63.48,190.44,Completed,4
ORD-10078,2024-01-24,Air Fryer,Home & Kitchen,EU,1,68.38,68.38,Refunded,5
ORD-10079,2024-07-31,Novel - Bestseller,Books,MENA,4,20.74,82.96,Completed,5
ORD-10080,2024-05-04,Jacket,Clothing,EU,4,78.68,314.72,Completed,3
ORD-10081,2024-12-22,Air Fryer,Home & Kitchen,MENA,2,72.45,144.9,Refunded,3
ORD-10082,2024-08-21,Notebook Set,Books,EU,1,14.42,14.42,Refunded,5
ORD-10083,2024-06-11,Notebook Set,Books,APAC,5,17.19,85.95,Pending,5
ORD-10084,2024-08-16,Resistance Bands,Sports,EU,5,17.96,89.8,Refunded,5
ORD-10085,2024-09-23,Yoga Mat,Sports,APAC,3,23.93,71.79,Completed,4
ORD-10086,2024-04-30,Blender,Home & Kitchen,UK,3,50.57,151.71,Completed,4
ORD-10087,2024-03-18,Resistance Bands,Sports,EU,2,18.11,36.22,Refunded,5
ORD-10088,2024-07-31,Coffee Maker,Home & Kitchen,APAC,1,48.99,48.99,Completed,5
ORD-10089,2024-08-03,Blender,Home & Kitchen,APAC,2,55.22,110.44,Pending,5
ORD-10090,2024-07-13,Wireless Headphones,Electronics,APAC,5,100.27,501.35,Completed,4
ORD-10091,2024-10-02,Yoga Mat,Sports,MENA,4,23.94,95.76,Pending,4
ORD-10092,2024-09-05,Blender,Home & Kitchen,US,4,52.52,210.08,Refunded,4
ORD-10093,2024-03-25,Bluetooth Speaker,Electronics,APAC,4,64.18,256.72,Completed,5
ORD-10094,2024-10-30,Notebook Set,Books,MENA,4,13.59,54.36,Completed,3
ORD-10095,2024-04-03,Bluetooth Speaker,Electronics,US,4,60.42,241.68,Completed,5
ORD-10096,2024-06-21,Smartwatch,Electronics,APAC,3,190.57,571.71,Completed,5
ORD-10097,2024-01-10,Yoga Mat,Sports,MENA,4,24.39,97.56,Completed,4
ORD-10098,2024-01-16,Python Book,Books,EU,1,31.87,31.87,Completed,3
ORD-10099,2024-08-30,Dumbbells,Sports,US,2,35.65,71.3,Pending,4
ORD-10100,2024-03-26,Blender,Home & Kitchen,MENA,3,59.12,177.36,Pending,5
ORD-10101,2024-06-08,Jacket,Clothing,US,2,73.36,146.72,Pending,3
ORD-10102,2024-07-22,Resistance Bands,Sports,EU,4,17.11,68.44,Completed,5
ORD-10103,2024-02-22,Jacket,Clothing,UK,2,87.5,175.0,Pending,3
ORD-10104,2024-06-26,Air Fryer,Home & Kitchen,MENA,1,82.51,82.51,Refunded,5
ORD-10105,2024-01-07,Smartwatch,Electronics,APAC,3,183.44,550.32,Refunded,3
ORD-10106,2024-12-28,Backpack,Clothing,EU,4,54.73,218.92,Refunded,4
ORD-10107,2024-11-11,Jacket,Clothing,MENA,3,81.4,244.2,Refunded,5
ORD-10108,2024-05-17,Backpack,Clothing,UK,5,53.11,265.55,Completed,3
ORD-10109,2024-08-25,Yoga Mat,Sports,MENA,2,24.65,49.3,Pending,5
ORD-10110,2024-06-15,Backpack,Clothing,EU,4,47.24,188.96,Refunded,4
ORD-10111,2024-05-23,Smartwatch,Electronics,MENA,3,219.88,659.64,Completed,5
ORD-10112,2024-02-13,Wireless Headphones,Electronics,EU,2,92.61,185.22,Refunded,5
ORD-10113,2024-11-26,Notebook Set,Books,APAC,4,16.33,65.32,Refunded,3
ORD-10114,2024-12-20,Running Shoes,Clothing,EU,4,63.28,253.12,Completed,5
ORD-10115,2024-09-28,Dumbbells,Sports,UK,5,37.71,188.55,Refunded,5
ORD-10116,2024-05-18,Notebook Set,Books,UK,4,14.73,58.92,Completed,4
ORD-10117,2024-03-02,Running Shoes,Clothing,MENA,3,70.22,210.66,Completed,4
ORD-10118,2024-10-28,Python Book,Books,MENA,3,32.53,97.59,Pending,4
ORD-10119,2024-04-26,Running Shoes,Clothing,UK,3,72.03,216.09,Completed,4
ORD-10120,2024-05-20,Wireless Headphones,Electronics,US,2,96.92,193.84,Completed,5
ORD-10121,2024-11-22,Yoga Mat,Sports,APAC,2,23.64,47.28,Completed,3
ORD-10122,2024-08-13,Dumbbells,Sports,UK,4,36.9,147.6,Completed,3
ORD-10123,2024-02-28,Yoga Mat,Sports,US,4,24.98,99.92,Refunded,5
ORD-10124,2024-03-18,Running Shoes,Clothing,EU,1,67.88,67.88,Pending,4
ORD-10125,2024-10-12,Running Shoes,Clothing,APAC,1,74.65,74.65,Pending,5
ORD-10126,2024-07-13,Air Fryer,Home & Kitchen,APAC,5,75.93,379.65,Refunded,4
ORD-10127,2024-06-05,Novel - Bestseller,Books,MENA,4,19.89,79.56,Pending,3
ORD-10128,2024-04-16,Dumbbells,Sports,EU,1,43.32,43.32,Completed,5
ORD-10129,2024-10-09,Running Shoes,Clothing,US,2,61.05,122.1,Completed,3
ORD-10130,2024-08-28,Backpack,Clothing,UK,5,48.61,243.05,Completed,4
ORD-10131,2024-02-06,Yoga Mat,Sports,EU,4,23.69,94.76,Completed,5
ORD-10132,2024-08-05,Dumbbells,Sports,US,2,40.48,80.96,Pending,4
ORD-10133,2024-03-13,Bluetooth Speaker,Electronics,US,3,56.23,168.69,Completed,4
ORD-10134,2024-05-27,Air Fryer,Home & Kitchen,APAC,5,70.34,351.7,Completed,5
ORD-10135,2024-05-19,Jacket,Clothing,MENA,4,77.11,308.44,Pending,5
ORD-10136,2024-08-09,Blender,Home & Kitchen,UK,1,50.61,50.61,Pending,4
ORD-10137,2024-10-27,Wireless Headphones,Electronics,US,5,83.05,415.25,Completed,5
ORD-10138,2024-08-28,Wireless Headphones,Electronics,MENA,2,98.16,196.32,Refunded,4
ORD-10139,2024-11-21,Coffee Maker,Home & Kitchen,APAC,4,52.29,209.16,Completed,5
ORD-10140,2024-12-09,Smartwatch,Electronics,US,3,200.41,601.23,Completed,4
ORD-10141,2024-12-05,Backpack,Clothing,APAC,3,51.52,154.56,Pending,3
ORD-10142,2024-06-14,Blender,Home & Kitchen,US,3,50.71,152.13,Refunded,5
ORD-10143,2024-08-24,Novel - Bestseller,Books,APAC,5,21.78,108.9,Completed,4
ORD-10144,2024-11-16,Notebook Set,Books,APAC,4,14.85,59.4,Completed,4
ORD-10145,2024-08-12,Yoga Mat,Sports,APAC,3,22.82,68.46,Completed,3
ORD-10146,2024-12-29,Bluetooth Speaker,Electronics,EU,2,63.12,126.24,Completed,5
ORD-10147,2024-04-25,Wireless Headphones,Electronics,US,1,93.42,93.42,Refunded,3
ORD-10148,2024-05-29,Bluetooth Speaker,Electronics,MENA,4,66.47,265.88,Completed,5
ORD-10149,2024-05-04,Novel - Bestseller,Books,APAC,4,19.38,77.52,Pending,4
ORD-10150,2024-09-17,Backpack,Clothing,EU,5,45.49,227.45,Completed,4
ORD-10151,2024-06-23,Air Fryer,Home & Kitchen,MENA,4,79.02,316.08,Completed,3
ORD-10152,2024-10-23,Yoga Mat,Sports,APAC,5,23.79,118.95,Completed,5
ORD-10153,2024-10-09,Notebook Set,Books,MENA,3,15.31,45.93,Refunded,5
ORD-10154,2024-12-23,Resistance Bands,Sports,EU,2,17.16,34.32,Pending,5
ORD-10155,2024-01-23,Python Book,Books,UK,4,33.41,133.64,Refunded,5
ORD-10156,2024-12-05,Resistance Bands,Sports,EU,4,19.3,77.2,Refunded,3
ORD-10157,2024-06-18,Coffee Maker,Home & Kitchen,US,5,46.66,233.3,Refunded,3
ORD-10158,2024-03-14,Notebook Set,Books,APAC,1,16.9,16.9,Completed,3
ORD-10159,2024-06-22,Blender,Home & Kitchen,MENA,3,60.25,180.75,Refunded,5
ORD-10160,2024-07-13,Running Shoes,Clothing,UK,5,72.34,361.7,Refunded,5
ORD-10161,2024-11-19,Wireless Headphones,Electronics,UK,2,94.88,189.76,Completed,5
ORD-10162,2024-11-20,Running Shoes,Clothing,US,1,65.55,65.55,Refunded,4
ORD-10163,2024-01-24,Jacket,Clothing,UK,1,77.01,77.01,Completed,4
ORD-10164,2024-05-05,Smartwatch,Electronics,MENA,2,198.73,397.46,Refunded,5
ORD-10165,2024-03-30,Bluetooth Speaker,Electronics,US,2,65.88,131.76,Pending,5
ORD-10166,2024-10-25,Dumbbells,Sports,EU,4,40.69,162.76,Completed,5
ORD-10167,2024-12-07,Bluetooth Speaker,Electronics,US,3,57.8,173.4,Refunded,4
ORD-10168,2024-08-14,Bluetooth Speaker,Electronics,UK,1,62.19,62.19,Pending,4
ORD-10169,2024-08-21,Bluetooth Speaker,Electronics,UK,3,68.42,205.26,Completed,5
ORD-10170,2024-07-14,Novel - Bestseller,Books,MENA,2,19.39,38.78,Completed,5
ORD-10171,2024-01-12,Yoga Mat,Sports,APAC,3,25.26,75.78,Completed,3
ORD-10172,2024-11-06,Dumbbells,Sports,APAC,1,42.42,42.42,Completed,4
ORD-10173,2024-11-21,Dumbbells,Sports,EU,2,41.82,83.64,Pending,4
ORD-10174,2024-11-17,Bluetooth Speaker,Electronics,US,2,65.32,130.64,Completed,4
ORD-10175,2024-07-05,Air Fryer,Home & Kitchen,EU,5,72.73,363.65,Completed,4
ORD-10176,2024-04-12,Smartwatch,Electronics,EU,2,217.36,434.72,Pending,4
ORD-10177,2024-03-25,Notebook Set,Books,UK,3,15.37,46.11,Refunded,4
ORD-10178,2024-08-27,Jacket,Clothing,US,1,88.29,88.29,Completed,4
ORD-10179,2024-10-12,Novel - Bestseller,Books,UK,4,20.3,81.2,Completed,5
ORD-10180,2024-08-20,Wireless Headphones,Electronics,UK,1,86.94,86.94,Completed,5
ORD-10181,2024-02-25,Backpack,Clothing,EU,3,53.07,159.21,Refunded,3
ORD-10182,2024-06-16,Dumbbells,Sports,MENA,5,42.6,213.0,Completed,5
ORD-10183,2024-12-24,Running Shoes,Clothing,UK,4,68.83,275.32,Refunded,3
ORD-10184,2024-06-04,Coffee Maker,Home & Kitchen,APAC,1,41.47,41.47,Completed,3
ORD-10185,2024-07-17,Python Book,Books,APAC,2,33.64,67.28,Completed,5
ORD-10186,2024-08-02,Jacket,Clothing,MENA,5,84.86,424.3,Completed,5
ORD-10187,2024-11-11,Bluetooth Speaker,Electronics,APAC,4,55.48,221.92,Completed,3
ORD-10188,2024-08-15,Jacket,Clothing,EU,4,78.42,313.68,Completed,3
ORD-10189,2024-02-01,Bluetooth Speaker,Electronics,APAC,3,59.5,178.5,Completed,4
ORD-10190,2024-02-16,Running Shoes,Clothing,EU,4,73.92,295.68,Pending,3
ORD-10191,2024-03-05,Wireless Headphones,Electronics,MENA,2,98.69,197.38,Completed,3
ORD-10192,2024-10-27,Novel - Bestseller,Books,EU,2,20.72,41.44,Completed,4
ORD-10193,2024-01-02,Air Fryer,Home & Kitchen,UK,5,67.46,337.3,Completed,4
ORD-10194,2024-02-26,Notebook Set,Books,US,2,14.43,28.86,Completed,3
ORD-10195,2024-10-28,Smartwatch,Electronics,UK,2,219.49,438.98,Completed,4
ORD-10196,2024-09-26,Yoga Mat,Sports,US,4,20.09,80.36,Completed,5
ORD-10197,2024-10-30,Blender,Home & Kitchen,US,5,60.2,301.0,Refunded,5
ORD-10198,2024-12-03,Python Book,Books,MENA,1,34.08,34.08,Completed,5
ORD-10199,2024-09-02,Bluetooth Speaker,Electronics,APAC,1,68.45,68.45,Refunded,5
ORD-10200,2024-02-07,Running Shoes,Clothing,US,4,66.47,265.88,Completed,5
ORD-10201,2024-11-15,Coffee Maker,Home & Kitchen,MENA,3,41.7,125.1,Pending,5
ORD-10202,2024-09-28,Smartwatch,Electronics,UK,5,199.04,995.2,Refunded,5
ORD-10203,2024-12-01,Dumbbells,Sports,MENA,1,38.29,38.29,Completed,5
ORD-10204,2024-06-22,Blender,Home & Kitchen,APAC,4,61.71,246.84,Refunded,5
ORD-10205,2024-06-09,Jacket,Clothing,UK,4,72.98,291.92,Completed,4
ORD-10206,2024-02-16,Bluetooth Speaker,Electronics,US,1,67.83,67.83,Completed,5
ORD-10207,2024-03-07,Running Shoes,Clothing,MENA,3,70.6,211.8,Completed,5
ORD-10208,2024-07-29,Notebook Set,Books,UK,1,15.6,15.6,Refunded,5
ORD-10209,2024-06-08,Wireless Headphones,Electronics,UK,5,102.78,513.9,Completed,5
ORD-10210,2024-04-24,Notebook Set,Books,US,4,14.29,57.16,Completed,5
ORD-10211,2024-10-20,Smartwatch,Electronics,EU,3,185.73,557.19,Refunded,5
ORD-10212,2024-12-11,Air Fryer,Home & Kitchen,MENA,5,79.53,397.65,Completed,5
ORD-10213,2024-01-15,Resistance Bands,Sports,EU,3,18.63,55.89,Completed,5
ORD-10214,2024-06-28,Air Fryer,Home & Kitchen,US,3,70.36,211.08,Completed,4
ORD-10215,2024-03-13,Dumbbells,Sports,US,1,40.44,40.44,Completed,5
ORD-10216,2024-08-20,Notebook Set,Books,UK,4,14.3,57.2,Completed,4
ORD-10217,2024-11-01,Yoga Mat,Sports,US,5,23.77,118.85,Completed,4
ORD-10218,2024-12-11,Coffee Maker,Home & Kitchen,US,1,49.53,49.53,Completed,5
ORD-10219,2024-08-14,Bluetooth Speaker,Electronics,APAC,5,60.35,301.75,Completed,4
ORD-10220,2024-08-08,Air Fryer,Home & Kitchen,US,3,74.02,222.06,Completed,5
ORD-10221,2024-12-07,Bluetooth Speaker,Electronics,UK,5,62.89,314.45,Completed,4
ORD-10222,2024-01-04,Backpack,Clothing,EU,1,55.01,55.01,Completed,4
ORD-10223,2024-05-28,Air Fryer,Home & Kitchen,UK,3,67.27,201.81,Completed,3
ORD-10224,2024-03-07,Blender,Home & Kitchen,APAC,2,59.77,119.54,Pending,5
ORD-10225,2024-02-06,Python Book,Books,APAC,3,30.74,92.22,Completed,5
ORD-10226,2024-06-09,Wireless Headphones,Electronics,MENA,1,91.33,91.33,Refunded,5
ORD-10227,2024-05-28,Backpack,Clothing,US,4,51.71,206.84,Refunded,3
ORD-10228,2024-08-23,Smartwatch,Electronics,UK,5,188.58,942.9,Completed,5
ORD-10229,2024-10-28,Novel - Bestseller,Books,APAC,4,17.59,70.36,Pending,3
ORD-10230,2024-04-23,Backpack,Clothing,UK,3,53.65,160.95,Completed,3
ORD-10231,2024-09-18,Notebook Set,Books,EU,5,15.86,79.3,Completed,4
ORD-10232,2024-04-30,Jacket,Clothing,US,2,90.02,180.04,Completed,4
ORD-10233,2024-12-01,Python Book,Books,US,2,28.29,56.58,Completed,5
ORD-10234,2024-10-23,Blender,Home & Kitchen,APAC,5,55.88,279.4,Pending,5
ORD-10235,2024-11-17,Bluetooth Speaker,Electronics,UK,3,68.79,206.37,Completed,5
ORD-10236,2024-05-20,Running Shoes,Clothing,MENA,3,66.12,198.36,Completed,4
ORD-10237,2024-08-19,Notebook Set,Books,US,4,13.77,55.08,Completed,4
ORD-10238,2024-11-10,Novel - Bestseller,Books,MENA,1,18.45,18.45,Pending,5
ORD-10239,2024-08-18,Blender,Home & Kitchen,MENA,1,57.48,57.48,Completed,4
ORD-10240,2024-02-01,Dumbbells,Sports,APAC,2,38.72,77.44,Completed,4
ORD-10241,2024-01-21,Jacket,Clothing,EU,2,72.77,145.54,Refunded,5
ORD-10242,2024-07-05,Notebook Set,Books,UK,2,15.45,30.9,Completed,5
ORD-10243,2024-01-27,Backpack,Clothing,UK,5,52.49,262.45,Completed,4
ORD-10244,2024-05-25,Running Shoes,Clothing,UK,4,67.57,270.28,Pending,4
ORD-10245,2024-06-28,Smartwatch,Electronics,UK,2,184.07,368.14,Refunded,4
ORD-10246,2024-06-07,Dumbbells,Sports,MENA,1,40.93,40.93,Refunded,5
ORD-10247,2024-12-09,Air Fryer,Home & Kitchen,MENA,2,70.71,141.42,Completed,5
ORD-10248,2024-01-10,Bluetooth Speaker,Electronics,UK,3,60.34,181.02,Completed,4
ORD-10249,2024-04-08,Python Book,Books,EU,4,29.55,118.2,Completed,4
ORD-10250,2024-09-16,Running Shoes,Clothing,MENA,1,63.31,63.31,Pending,3
ORD-10251,2024-03-08,Bluetooth Speaker,Electronics,MENA,5,59.04,295.2,Refunded,4
ORD-10252,2024-03-25,Coffee Maker,Home & Kitchen,APAC,5,43.01,215.05,Completed,5
ORD-10253,2024-08-15,Smartwatch,Electronics,MENA,2,213.81,427.62,Completed,5
ORD-10254,2024-05-02,Air Fryer,Home & Kitchen,UK,5,72.88,364.4,Refunded,4
ORD-10255,2024-08-13,Smartwatch,Electronics,APAC,5,213.9,1069.5,Completed,5
ORD-10256,2024-04-12,Notebook Set,Books,MENA,2,15.47,30.94,Completed,4
ORD-10257,2024-10-10,Wireless Headphones,Electronics,US,3,95.42,286.26,Pending,3
ORD-10258,2024-05-19,Yoga Mat,Sports,APAC,2,20.26,40.52,Pending,4
ORD-10259,2024-08-18,Novel - Bestseller,Books,UK,2,19.17,38.34,Completed,5
ORD-10260,2024-04-30,Wireless Headphones,Electronics,APAC,3,89.91,269.73,Completed,4
ORD-10261,2024-11-28,Python Book,Books,UK,1,27.2,27.2,Completed,4
ORD-10262,2024-12-22,Wireless Headphones,Electronics,EU,4,87.45,349.8,Refunded,5
ORD-10263,2024-01-10,Dumbbells,Sports,UK,1,34.25,34.25,Completed,4
ORD-10264,2024-09-27,Notebook Set,Books,APAC,5,17.01,85.05,Completed,4
ORD-10265,2024-05-02,Python Book,Books,APAC,1,29.25,29.25,Pending,5
ORD-10266,2024-11-01,Running Shoes,Clothing,MENA,4,60.3,241.2,Completed,5
ORD-10267,2024-05-29,Notebook Set,Books,APAC,2,15.65,31.3,Completed,5
ORD-10268,2024-04-05,Smartwatch,Electronics,US,4,192.02,768.08,Pending,4
ORD-10269,2024-09-16,Running Shoes,Clothing,MENA,5,73.99,369.95,Pending,3
ORD-10270,2024-11-21,Backpack,Clothing,APAC,1,53.68,53.68,Completed,4
ORD-10271,2024-06-25,Jacket,Clothing,EU,1,71.42,71.42,Completed,5
ORD-10272,2024-01-23,Jacket,Clothing,UK,2,86.04,172.08,Pending,4
ORD-10273,2024-12-22,Novel - Bestseller,Books,APAC,4,20.14,80.56,Completed,4
ORD-10274,2024-01-19,Running Shoes,Clothing,UK,4,70.14,280.56,Completed,3
ORD-10275,2024-06-10,Air Fryer,Home & Kitchen,UK,1,68.39,68.39,Pending,5
ORD-10276,2024-01-19,Novel - Bestseller,Books,EU,3,19.67,59.01,Completed,4
ORD-10277,2024-05-19,Novel - Bestseller,Books,US,3,20.8,62.4,Completed,5
ORD-10278,2024-07-16,Resistance Bands,Sports,UK,4,17.5,70.0,Completed,5
ORD-10279,2024-05-16,Jacket,Clothing,US,5,80.93,404.65,Refunded,3
ORD-10280,2024-10-06,Backpack,Clothing,UK,2,50.43,100.86,Completed,3
ORD-10281,2024-06-05,Running Shoes,Clothing,APAC,3,63.83,191.49,Pending,5
ORD-10282,2024-06-28,Backpack,Clothing,APAC,4,45.2,180.8,Completed,5
ORD-10283,2024-08-10,Novel - Bestseller,Books,UK,5,21.42,107.1,Completed,3
ORD-10284,2024-09-19,Bluetooth Speaker,Electronics,EU,3,63.55,190.65,Completed,4
ORD-10285,2024-01-18,Novel - Bestseller,Books,EU,4,19.98,79.92,Completed,4
ORD-10286,2024-07-15,Air Fryer,Home & Kitchen,MENA,3,76.41,229.23,Completed,5
ORD-10287,2024-07-09,Coffee Maker,Home & Kitchen,APAC,3,48.67,146.01,Completed,5
ORD-10288,2024-06-09,Coffee Maker,Home & Kitchen,UK,4,46.97,187.88,Completed,3
ORD-10289,2024-09-22,Wireless Headphones,Electronics,APAC,4,97.54,390.16,Pending,3
ORD-10290,2024-04-19,Yoga Mat,Sports,MENA,4,24.06,96.24,Completed,5
ORD-10291,2024-03-03,Resistance Bands,Sports,EU,2,20.12,40.24,Completed,5
ORD-10292,2024-02-14,Coffee Maker,Home & Kitchen,UK,4,51.17,204.68,Completed,5
ORD-10293,2024-06-02,Running Shoes,Clothing,EU,3,67.44,202.32,Completed,4
ORD-10294,2024-03-12,Notebook Set,Books,EU,2,14.33,28.66,Refunded,3
ORD-10295,2024-08-27,Smartwatch,Electronics,MENA,3,207.69,623.07,Completed,5
ORD-10296,2024-07-22,Resistance Bands,Sports,APAC,3,16.13,48.39,Pending,5
ORD-10297,2024-02-07,Air Fryer,Home & Kitchen,EU,5,72.17,360.85,Completed,5
ORD-10298,2024-06-25,Running Shoes,Clothing,EU,5,65.81,329.05,Pending,5
ORD-10299,2024-08-09,Dumbbells,Sports,MENA,2,35.93,71.86,Completed,3
ORD-10300,2024-03-23,Notebook Set,Books,UK,2,14.06,28.12,Completed,4
ORD-10301,2024-05-08,Notebook Set,Books,EU,1,16.84,16.84,Pending,4
ORD-10302,2024-09-30,Coffee Maker,Home & Kitchen,US,5,48.06,240.3,Pending,5
ORD-10303,2024-03-19,Coffee Maker,Home & Kitchen,EU,5,47.68,238.4,Pending,5
ORD-10304,2024-01-22,Resistance Bands,Sports,US,5,18.4,92.0,Completed,3
ORD-10305,2024-11-29,Bluetooth Speaker,Electronics,EU,3,65.55,196.65,Pending,5
ORD-10306,2024-11-17,Dumbbells,Sports,MENA,4,40.27,161.08,Completed,5
ORD-10307,2024-06-01,Yoga Mat,Sports,APAC,4,22.46,89.84,Completed,5
ORD-10308,2024-09-04,Wireless Headphones,Electronics,APAC,4,84.55,338.2,Completed,4
ORD-10309,2024-06-25,Dumbbells,Sports,APAC,3,35.56,106.68,Completed,4
ORD-10310,2024-05-03,Notebook Set,Books,APAC,3,15.6,46.8,Completed,4
ORD-10311,2024-01-26,Blender,Home & Kitchen,UK,1,52.91,52.91,Refunded,5
ORD-10312,2024-06-16,Backpack,Clothing,MENA,2,46.18,92.36,Completed,4
ORD-10313,2024-08-27,Air Fryer,Home & Kitchen,APAC,5,67.67,338.35,Completed,5
ORD-10314,2024-09-15,Wireless Headphones,Electronics,APAC,4,83.02,332.08,Completed,4
ORD-10315,2024-05-24,Dumbbells,Sports,APAC,1,37.55,37.55,Pending,5
ORD-10316,2024-01-05,Bluetooth Speaker,Electronics,US,5,61.05,305.25,Refunded,4
ORD-10317,2024-07-25,Resistance Bands,Sports,UK,3,16.91,50.73,Completed,5
ORD-10318,2024-07-04,Wireless Headphones,Electronics,MENA,2,93.82,187.64,Completed,3
ORD-10319,2024-05-23,Backpack,Clothing,MENA,5,49.25,246.25,Pending,3
ORD-10320,2024-07-10,Coffee Maker,Home & Kitchen,UK,4,52.04,208.16,Pending,4
ORD-10321,2024-09-17,Air Fryer,Home & Kitchen,APAC,5,67.4,337.0,Pending,3
ORD-10322,2024-08-30,Wireless Headphones,Electronics,MENA,3,81.87,245.61,Refunded,4
ORD-10323,2024-06-16,Dumbbells,Sports,MENA,2,42.68,85.36,Completed,4
ORD-10324,2024-10-30,Backpack,Clothing,UK,3,55.09,165.27,Pending,5
ORD-10325,2024-06-02,Notebook Set,Books,APAC,5,15.33,76.65,Completed,4
ORD-10326,2024-10-25,Smartwatch,Electronics,UK,4,213.68,854.72,Completed,5
ORD-10327,2024-10-22,Blender,Home & Kitchen,EU,5,53.15,265.75,Completed,5
ORD-10328,2024-07-13,Blender,Home & Kitchen,EU,5,51.84,259.2,Completed,3
ORD-10329,2024-04-07,Dumbbells,Sports,US,1,43.21,43.21,Refunded,4
ORD-10330,2024-07-29,Backpack,Clothing,MENA,2,45.02,90.04,Pending,5
ORD-10331,2024-12-27,Novel - Bestseller,Books,EU,1,21.12,21.12,Pending,4
ORD-10332,2024-09-26,Notebook Set,Books,APAC,4,14.71,58.84,Completed,4
ORD-10333,2024-10-06,Blender,Home & Kitchen,UK,3,62.04,186.12,Completed,5
ORD-10334,2024-05-22,Blender,Home & Kitchen,MENA,2,52.14,104.28,Completed,4
ORD-10335,2024-12-19,Yoga Mat,Sports,APAC,2,24.04,48.08,Completed,5
ORD-10336,2024-05-27,Smartwatch,Electronics,US,3,208.01,624.03,Pending,5
ORD-10337,2024-06-25,Notebook Set,Books,EU,4,14.91,59.64,Completed,3
ORD-10338,2024-06-26,Yoga Mat,Sports,APAC,1,25.05,25.05,Completed,5
ORD-10339,2024-05-18,Blender,Home & Kitchen,MENA,5,52.44,262.2,Completed,4
ORD-10340,2024-05-02,Running Shoes,Clothing,EU,5,68.5,342.5,Completed,5
ORD-10341,2024-01-27,Resistance Bands,Sports,US,2,18.07,36.14,Refunded,4
ORD-10342,2024-01-03,Jacket,Clothing,MENA,2,80.43,160.86,Completed,5
ORD-10343,2024-09-01,Bluetooth Speaker,Electronics,EU,4,68.01,272.04,Completed,4
ORD-10344,2024-11-29,Yoga Mat,Sports,MENA,1,23.35,23.35,Completed,5
ORD-10345,2024-03-30,Jacket,Clothing,APAC,1,85.38,85.38,Completed,3
ORD-10346,2024-04-05,Novel - Bestseller,Books,UK,4,18.98,75.92,Completed,3
ORD-10347,2024-06-20,Yoga Mat,Sports,UK,1,22.92,22.92,Refunded,5
ORD-10348,2024-09-15,Notebook Set,Books,APAC,2,15.46,30.92,Completed,4
ORD-10349,2024-08-22,Air Fryer,Home & Kitchen,UK,2,66.83,133.66,Completed,3
ORD-10350,2024-10-17,Jacket,Clothing,EU,3,77.76,233.28,Completed,5
ORD-10351,2024-08-06,Novel - Bestseller,Books,MENA,4,20.12,80.48,Completed,3
ORD-10352,2024-03-12,Backpack,Clothing,APAC,2,51.23,102.46,Completed,4
ORD-10353,2024-08-16,Wireless Headphones,Electronics,UK,2,86.86,173.72,Completed,4
ORD-10354,2024-05-13,Dumbbells,Sports,UK,1,41.07,41.07,Completed,3
ORD-10355,2024-03-22,Bluetooth Speaker,Electronics,APAC,3,55.76,167.28,Pending,5
ORD-10356,2024-11-23,Air Fryer,Home & Kitchen,UK,1,70.4,70.4,Completed,5
ORD-10357,2024-09-01,Python Book,Books,EU,2,28.63,57.26,Refunded,5
ORD-10358,2024-08-29,Dumbbells,Sports,MENA,5,37.75,188.75,Completed,4
ORD-10359,2024-09-26,Bluetooth Speaker,Electronics,APAC,1,65.31,65.31,Pending,5
ORD-10360,2024-02-27,Smartwatch,Electronics,US,5,183.9,919.5,Pending,5
ORD-10361,2024-03-25,Python Book,Books,UK,2,31.28,62.56,Pending,5
ORD-10362,2024-09-07,Running Shoes,Clothing,US,5,69.55,347.75,Pending,5
ORD-10363,2024-09-19,Air Fryer,Home & Kitchen,APAC,2,65.8,131.6,Refunded,5
ORD-10364,2024-01-12,Wireless Headphones,Electronics,APAC,3,93.56,280.68,Completed,3
ORD-10365,2024-01-24,Jacket,Clothing,APAC,1,75.4,75.4,Completed,5
ORD-10366,2024-02-05,Running Shoes,Clothing,APAC,1,67.29,67.29,Completed,4
ORD-10367,2024-11-24,Backpack,Clothing,APAC,2,45.36,90.72,Completed,5
ORD-10368,2024-07-11,Blender,Home & Kitchen,US,4,61.46,245.84,Pending,4
ORD-10369,2024-04-01,Bluetooth Speaker,Electronics,MENA,1,66.89,66.89,Refunded,5
ORD-10370,2024-01-02,Coffee Maker,Home & Kitchen,US,2,49.23,98.46,Completed,5
ORD-10371,2024-09-29,Bluetooth Speaker,Electronics,APAC,4,64.78,259.12,Completed,4
ORD-10372,2024-04-06,Blender,Home & Kitchen,US,3,54.26,162.78,Completed,5
ORD-10373,2024-05-03,Backpack,Clothing,EU,1,50.58,50.58,Completed,3
ORD-10374,2024-12-10,Dumbbells,Sports,US,5,34.52,172.6,Completed,5
ORD-10375,2024-10-03,Wireless Headphones,Electronics,EU,2,90.04,180.08,Completed,4
ORD-10376,2024-10-21,Notebook Set,Books,UK,2,17.21,34.42,Pending,5
ORD-10377,2024-05-01,Air Fryer,Home & Kitchen,UK,3,76.91,230.73,Completed,5
ORD-10378,2024-05-20,Notebook Set,Books,US,3,14.32,42.96,Pending,5
ORD-10379,2024-11-16,Resistance Bands,Sports,APAC,2,18.97,37.94,Pending,5
ORD-10380,2024-09-25,Wireless Headphones,Electronics,UK,4,102.87,411.48,Refunded,5
ORD-10381,2024-10-02,Coffee Maker,Home & Kitchen,APAC,2,44.36,88.72,Completed,4
ORD-10382,2024-08-25,Yoga Mat,Sports,US,2,24.52,49.04,Pending,5
ORD-10383,2024-07-17,Backpack,Clothing,EU,2,49.89,99.78,Completed,4
ORD-10384,2024-07-08,Smartwatch,Electronics,US,4,212.32,849.28,Pending,5
ORD-10385,2024-07-12,Novel - Bestseller,Books,MENA,3,18.0,54.0,Pending,3
ORD-10386,2024-12-09,Novel - Bestseller,Books,MENA,5,17.44,87.2,Completed,5
ORD-10387,2024-06-04,Python Book,Books,US,3,33.51,100.53,Completed,4
ORD-10388,2024-05-04,Jacket,Clothing,MENA,4,73.42,293.68,Completed,5
ORD-10389,2024-05-24,Resistance Bands,Sports,APAC,3,16.8,50.4,Refunded,5
ORD-10390,2024-07-03,Bluetooth Speaker,Electronics,MENA,3,59.38,178.14,Refunded,5
ORD-10391,2024-06-12,Running Shoes,Clothing,EU,4,71.55,286.2,Completed,4
ORD-10392,2024-03-15,Backpack,Clothing,US,2,43.75,87.5,Completed,5
ORD-10393,2024-05-31,Resistance Bands,Sports,EU,4,18.31,73.24,Completed,4
ORD-10394,2024-09-12,Python Book,Books,MENA,2,29.84,59.68,Completed,4
ORD-10395,2024-08-23,Air Fryer,Home & Kitchen,EU,4,79.59,318.36,Completed,4
ORD-10396,2024-04-04,Coffee Maker,Home & Kitchen,MENA,4,49.14,196.56,Completed,5
ORD-10397,2024-12-08,Wireless Headphones,Electronics,US,1,99.87,99.87,Completed,5
ORD-10398,2024-02-04,Coffee Maker,Home & Kitchen,EU,2,50.53,101.06,Completed,4
ORD-10399,2024-11-12,Notebook Set,Books,MENA,1,15.2,15.2,Refunded,5
ORD-10400,2024-10-09,Blender,Home & Kitchen,APAC,5,49.72,248.6,Completed,3
ORD-10401,2024-05-26,Notebook Set,Books,US,5,16.2,81.0,Pending,5
ORD-10402,2024-02-24,Bluetooth Speaker,Electronics,US,2,60.45,120.9,Pending,4
ORD-10403,2024-05-09,Python Book,Books,UK,5,28.43,142.15,Completed,5
ORD-10404,2024-08-23,Running Shoes,Clothing,MENA,4,64.56,258.24,Completed,5
ORD-10405,2024-11-30,Python Book,Books,US,1,29.24,29.24,Completed,5
ORD-10406,2024-01-29,Backpack,Clothing,US,4,47.73,190.92,Completed,3
ORD-10407,2024-10-16,Blender,Home & Kitchen,US,3,61.12,183.36,Pending,3
ORD-10408,2024-08-31,Python Book,Books,UK,5,28.58,142.9,Completed,3
ORD-10409,2024-10-15,Bluetooth Speaker,Electronics,US,5,67.87,339.35,Completed,4
ORD-10410,2024-03-14,Wireless Headphones,Electronics,APAC,5,102.62,513.1,Completed,4
ORD-10411,2024-07-18,Coffee Maker,Home & Kitchen,MENA,5,47.37,236.85,Completed,5
ORD-10412,2024-09-13,Air Fryer,Home & Kitchen,UK,1,78.12,78.12,Completed,3
ORD-10413,2024-06-23,Backpack,Clothing,MENA,1,45.99,45.99,Pending,5
ORD-10414,2024-01-16,Backpack,Clothing,UK,3,54.83,164.49,Refunded,5
ORD-10415,2024-08-09,Python Book,Books,EU,4,29.66,118.64,Pending,5
ORD-10416,2024-05-31,Backpack,Clothing,EU,5,44.23,221.15,Completed,3
ORD-10417,2024-07-18,Yoga Mat,Sports,UK,2,20.65,41.3,Completed,3
ORD-10418,2024-08-15,Running Shoes,Clothing,UK,3,58.58,175.74,Completed,3
ORD-10419,2024-08-17,Coffee Maker,Home & Kitchen,MENA,4,41.94,167.76,Pending,5
ORD-10420,2024-06-30,Backpack,Clothing,MENA,1,44.44,44.44,Completed,5
ORD-10421,2024-01-07,Dumbbells,Sports,UK,4,41.65,166.6,Refunded,5
ORD-10422,2024-05-04,Air Fryer,Home & Kitchen,MENA,5,66.32,331.6,Pending,4
ORD-10423,2024-05-17,Bluetooth Speaker,Electronics,UK,2,59.7,119.4,Completed,5
ORD-10424,2024-05-21,Coffee Maker,Home & Kitchen,APAC,4,41.67,166.68,Completed,5
ORD-10425,2024-05-06,Air Fryer,Home & Kitchen,APAC,3,66.18,198.54,Pending,5
ORD-10426,2024-06-04,Python Book,Books,US,2,30.42,60.84,Refunded,4
ORD-10427,2024-08-13,Novel - Bestseller,Books,UK,3,20.04,60.12,Refunded,5
ORD-10428,2024-11-04,Dumbbells,Sports,EU,3,35.49,106.47,Refunded,4
ORD-10429,2024-05-29,Coffee Maker,Home & Kitchen,APAC,3,51.92,155.76,Pending,4
ORD-10430,2024-07-05,Smartwatch,Electronics,US,4,198.79,795.16,Pending,4
ORD-10431,2024-12-15,Dumbbells,Sports,MENA,2,43.67,87.34,Completed,5
ORD-10432,2024-08-12,Blender,Home & Kitchen,UK,2,62.47,124.94,Completed,5
ORD-10433,2024-05-03,Bluetooth Speaker,Electronics,UK,3,61.48,184.44,Completed,5
ORD-10434,2024-08-17,Backpack,Clothing,MENA,1,52.67,52.67,Refunded,5
ORD-10435,2024-10-05,Backpack,Clothing,US,4,49.61,198.44,Completed,5
ORD-10436,2024-11-22,Resistance Bands,Sports,US,5,19.3,96.5,Completed,4
ORD-10437,2024-11-27,Bluetooth Speaker,Electronics,MENA,2,63.96,127.92,Completed,5
ORD-10438,2024-06-18,Bluetooth Speaker,Electronics,APAC,4,64.15,256.6,Completed,3
ORD-10439,2024-09-22,Running Shoes,Clothing,MENA,5,62.7,313.5,Pending,5
ORD-10440,2024-07-19,Dumbbells,Sports,APAC,3,36.3,108.9,Pending,5
ORD-10441,2024-09-04,Notebook Set,Books,US,1,14.06,14.06,Completed,5
ORD-10442,2024-03-13,Resistance Bands,Sports,UK,1,19.96,19.96,Completed,4
ORD-10443,2024-09-04,Blender,Home & Kitchen,UK,5,60.28,301.4,Refunded,3
ORD-10444,2024-06-12,Blender,Home & Kitchen,US,4,59.43,237.72,Completed,3
ORD-10445,2024-06-24,Air Fryer,Home & Kitchen,US,1,77.59,77.59,Completed,5
ORD-10446,2024-03-22,Python Book,Books,UK,5,30.86,154.3,Pending,5
ORD-10447,2024-11-18,Blender,Home & Kitchen,EU,4,52.69,210.76,Completed,5
ORD-10448,2024-11-10,Bluetooth Speaker,Electronics,EU,1,60.47,60.47,Refunded,5
ORD-10449,2024-04-15,Backpack,Clothing,UK,2,47.87,95.74,Completed,5
ORD-10450,2024-04-05,Running Shoes,Clothing,UK,5,71.49,357.45,Completed,4
ORD-10451,2024-09-27,Blender,Home & Kitchen,UK,4,51.07,204.28,Pending,5
ORD-10452,2024-06-27,Dumbbells,Sports,UK,1,37.93,37.93,Refunded,5
ORD-10453,2024-11-10,Coffee Maker,Home & Kitchen,MENA,3,50.21,150.63,Completed,5
ORD-10454,2024-06-05,Coffee Maker,Home & Kitchen,US,2,44.51,89.02,Completed,4
ORD-10455,2024-08-02,Jacket,Clothing,MENA,4,73.89,295.56,Completed,5
ORD-10456,2024-11-21,Backpack,Clothing,MENA,4,48.28,193.12,Completed,5
ORD-10457,2024-04-05,Coffee Maker,Home & Kitchen,UK,2,46.52,93.04,Refunded,5
ORD-10458,2024-09-05,Wireless Headphones,Electronics,EU,1,100.46,100.46,Completed,5
ORD-10459,2024-07-28,Notebook Set,Books,APAC,4,15.39,61.56,Refunded,5
ORD-10460,2024-02-12,Novel - Bestseller,Books,MENA,2,19.2,38.4,Completed,4
ORD-10461,2024-10-02,Yoga Mat,Sports,UK,2,19.98,39.96,Completed,5
ORD-10462,2024-10-08,Dumbbells,Sports,MENA,4,41.25,165.0,Completed,5
ORD-10463,2024-07-06,Running Shoes,Clothing,MENA,5,62.85,314.25,Completed,5
ORD-10464,2024-02-22,Blender,Home & Kitchen,EU,4,57.01,228.04,Completed,3
ORD-10465,2024-08-12,Blender,Home & Kitchen,US,1,53.11,53.11,Completed,4
ORD-10466,2024-12-29,Air Fryer,Home & Kitchen,MENA,3,78.08,234.24,Refunded,4
ORD-10467,2024-04-15,Dumbbells,Sports,US,2,35.52,71.04,Pending,4
ORD-10468,2024-03-27,Notebook Set,Books,UK,5,14.54,72.7,Completed,4
ORD-10469,2024-12-13,Dumbbells,Sports,US,5,36.74,183.7,Completed,5
ORD-10470,2024-12-01,Resistance Bands,Sports,EU,3,16.01,48.03,Completed,4
ORD-10471,2024-12-12,Coffee Maker,Home & Kitchen,APAC,2,49.04,98.08,Refunded,4
ORD-10472,2024-07-11,Dumbbells,Sports,APAC,4,40.21,160.84,Completed,5
ORD-10473,2024-07-25,Air Fryer,Home & Kitchen,MENA,1,80.64,80.64,Completed,5
ORD-10474,2024-09-06,Resistance Bands,Sports,UK,4,19.59,78.36,Pending,3
ORD-10475,2024-08-22,Novel - Bestseller,Books,UK,1,20.77,20.77,Completed,5
ORD-10476,2024-04-18,Backpack,Clothing,APAC,4,45.81,183.24,Completed,4
ORD-10477,2024-10-22,Novel - Bestseller,Books,EU,5,18.44,92.2,Pending,5
ORD-10478,2024-01-24,Air Fryer,Home & Kitchen,US,1,70.99,70.99,Refunded,3
ORD-10479,2024-08-13,Running Shoes,Clothing,APAC,2,73.6,147.2,Completed,5
ORD-10480,2024-11-28,Python Book,Books,UK,2,34.46,68.92,Completed,4
ORD-10481,2024-02-12,Running Shoes,Clothing,UK,3,69.14,207.42,Completed,3
ORD-10482,2024-08-07,Backpack,Clothing,US,2,50.71,101.42,Completed,3
ORD-10483,2024-10-30,Python Book,Books,EU,2,30.57,61.14,Pending,5
ORD-10484,2024-03-02,Blender,Home & Kitchen,APAC,3,49.63,148.89,Completed,5
ORD-10485,2024-02-22,Running Shoes,Clothing,US,1,62.22,62.22,Completed,4
ORD-10486,2024-03-09,Resistance Bands,Sports,EU,4,17.06,68.24,Completed,5
ORD-10487,2024-08-13,Dumbbells,Sports,UK,2,34.28,68.56,Completed,5
ORD-10488,2024-11-11,Jacket,Clothing,APAC,4,74.09,296.36,Completed,3
ORD-10489,2024-10-28,Resistance Bands,Sports,APAC,1,16.19,16.19,Completed,5
ORD-10490,2024-05-21,Smartwatch,Electronics,US,2,219.54,439.08,Completed,5
ORD-10491,2024-05-25,Dumbbells,Sports,US,5,39.9,199.5,Completed,4
ORD-10492,2024-07-19,Notebook Set,Books,UK,2,15.77,31.54,Completed,4
ORD-10493,2024-09-12,Blender,Home & Kitchen,MENA,2,54.81,109.62,Completed,5
ORD-10494,2024-06-11,Resistance Bands,Sports,EU,3,20.03,60.09,Refunded,5
ORD-10495,2024-08-29,Backpack,Clothing,US,2,47.58,95.16,Completed,5
ORD-10496,2024-01-21,Running Shoes,Clothing,US,2,58.72,117.44,Refunded,5
ORD-10497,2024-07-31,Yoga Mat,Sports,APAC,5,23.26,116.3,Refunded,3
ORD-10498,2024-03-19,Bluetooth Speaker,Electronics,UK,5,62.04,310.2,Completed,4
ORD-10499,2024-03-20,Running Shoes,Clothing,MENA,2,66.81,133.62,Completed,5
ORD-10500,2024-06-07,Dumbbells,Sports,APAC,1,40.23,40.23,Completed,3
ORD-10501,2024-02-29,Python Book,Books,APAC,4,27.64,110.56,Pending,5
ORD-10502,2024-03-02,Wireless Headphones,Electronics,US,2,87.95,175.9,Completed,5
ORD-10503,2024-09-24,Wireless Headphones,Electronics,MENA,3,84.68,254.04,Completed,4
ORD-10504,2024-03-01,Smartwatch,Electronics,US,3,186.34,559.02,Completed,5
ORD-10505,2024-12-30,Yoga Mat,Sports,MENA,3,22.68,68.04,Completed,5
ORD-10506,2024-09-12,Blender,Home & Kitchen,MENA,1,56.52,56.52,Completed,4
ORD-10507,2024-10-20,Coffee Maker,Home & Kitchen,US,1,43.85,43.85,Completed,5
ORD-10508,2024-05-05,Notebook Set,Books,US,1,13.5,13.5,Refunded,4
ORD-10509,2024-01-19,Backpack,Clothing,MENA,2,54.24,108.48,Refunded,4
ORD-10510,2024-05-18,Smartwatch,Electronics,US,3,192.4,577.2,Pending,4
ORD-10511,2024-04-01,Running Shoes,Clothing,EU,1,66.66,66.66,Pending,3
ORD-10512,2024-05-24,Backpack,Clothing,UK,4,44.03,176.12,Completed,3
ORD-10513,2024-04-12,Notebook Set,Books,UK,3,15.2,45.6,Pending,4
ORD-10514,2024-07-07,Jacket,Clothing,MENA,4,83.4,333.6,Refunded,4
ORD-10515,2024-03-18,Jacket,Clothing,US,2,88.88,177.76,Refunded,3
ORD-10516,2024-06-20,Python Book,Books,US,1,31.05,31.05,Refunded,5
ORD-10517,2024-09-28,Jacket,Clothing,EU,2,77.17,154.34,Refunded,5
ORD-10518,2024-12-30,Wireless Headphones,Electronics,UK,2,102.87,205.74,Completed,3
ORD-10519,2024-07-30,Resistance Bands,Sports,UK,5,16.76,83.8,Refunded,5
ORD-10520,2024-03-09,Running Shoes,Clothing,APAC,5,67.94,339.7,Completed,5
ORD-10521,2024-05-01,Dumbbells,Sports,UK,2,34.79,69.58,Completed,4
ORD-10522,2024-06-11,Resistance Bands,Sports,APAC,3,19.25,57.75,Completed,4
ORD-10523,2024-10-26,Running Shoes,Clothing,US,2,73.83,147.66,Completed,3
ORD-10524,2024-07-27,Coffee Maker,Home & Kitchen,US,3,46.06,138.18,Pending,4
ORD-10525,2024-08-25,Air Fryer,Home & Kitchen,UK,3,68.54,205.62,Completed,3
ORD-10526,2024-12-26,Coffee Maker,Home & Kitchen,MENA,3,50.14,150.42,Completed,4
ORD-10527,2024-02-16,Novel - Bestseller,Books,EU,2,21.16,42.32,Completed,5
ORD-10528,2024-05-13,Notebook Set,Books,EU,3,13.67,41.01,Completed,5
ORD-10529,2024-05-07,Novel - Bestseller,Books,US,5,19.24,96.2,Refunded,3
ORD-10530,2024-01-07,Air Fryer,Home & Kitchen,US,1,79.09,79.09,Completed,4
ORD-10531,2024-12-17,Python Book,Books,US,3,33.17,99.51,Pending,5
ORD-10532,2024-01-12,Yoga Mat,Sports,US,1,24.85,24.85,Completed,5
ORD-10533,2024-06-18,Blender,Home & Kitchen,US,1,60.63,60.63,Completed,5
ORD-10534,2024-08-09,Wireless Headphones,Electronics,APAC,5,84.77,423.85,Refunded,3
ORD-10535,2024-06-30,Backpack,Clothing,EU,2,51.4,102.8,Completed,4
ORD-10536,2024-01-18,Yoga Mat,Sports,MENA,2,22.25,44.5,Pending,5
ORD-10537,2024-07-29,Python Book,Books,MENA,4,31.84,127.36,Refunded,3
ORD-10538,2024-08-02,Running Shoes,Clothing,EU,2,63.05,126.1,Pending,4
ORD-10539,2024-01-10,Bluetooth Speaker,Electronics,APAC,5,68.9,344.5,Completed,5
ORD-10540,2024-10-16,Notebook Set,Books,MENA,3,16.42,49.26,Completed,5
ORD-10541,2024-11-01,Yoga Mat,Sports,EU,3,20.79,62.37,Completed,4
ORD-10542,2024-09-28,Wireless Headphones,Electronics,UK,4,99.18,396.72,Pending,4
ORD-10543,2024-05-16,Coffee Maker,Home & Kitchen,MENA,2,42.09,84.18,Completed,4
ORD-10544,2024-06-30,Dumbbells,Sports,EU,4,42.24,168.96,Completed,4
ORD-10545,2024-10-29,Dumbbells,Sports,US,3,37.22,111.66,Completed,5
ORD-10546,2024-09-09,Dumbbells,Sports,MENA,2,35.55,71.1,Completed,4
ORD-10547,2024-04-29,Blender,Home & Kitchen,MENA,1,50.02,50.02,Completed,3
ORD-10548,2024-11-10,Notebook Set,Books,EU,3,15.28,45.84,Completed,4
ORD-10549,2024-01-31,Jacket,Clothing,US,3,74.6,223.8,Completed,5
ORD-10550,2024-09-26,Jacket,Clothing,UK,1,89.22,89.22,Completed,4
ORD-10551,2024-10-27,Jacket,Clothing,US,4,89.7,358.8,Completed,4
ORD-10552,2024-08-11,Smartwatch,Electronics,APAC,2,186.81,373.62,Completed,4
ORD-10553,2024-07-01,Jacket,Clothing,EU,5,90.23,451.15,Pending,4
ORD-10554,2024-03-06,Backpack,Clothing,EU,3,46.88,140.64,Completed,5
ORD-10555,2024-01-17,Dumbbells,Sports,EU,5,37.92,189.6,Pending,4
ORD-10556,2024-04-23,Resistance Bands,Sports,MENA,5,19.29,96.45,Completed,5
ORD-10557,2024-05-01,Coffee Maker,Home & Kitchen,UK,1,44.72,44.72,Completed,4
ORD-10558,2024-12-28,Bluetooth Speaker,Electronics,UK,1,67.27,67.27,Refunded,3
ORD-10559,2024-06-28,Yoga Mat,Sports,UK,1,20.95,20.95,Completed,5
ORD-10560,2024-08-02,Wireless Headphones,Electronics,EU,4,82.07,328.28,Refunded,5
ORD-10561,2024-07-11,Resistance Bands,Sports,US,5,17.41,87.05,Refunded,5
ORD-10562,2024-03-24,Bluetooth Speaker,Electronics,APAC,2,65.36,130.72,Completed,3
ORD-10563,2024-02-23,Yoga Mat,Sports,US,3,19.91,59.73,Completed,4
ORD-10564,2024-10-07,Resistance Bands,Sports,US,1,17.39,17.39,Completed,5
ORD-10565,2024-08-08,Dumbbells,Sports,EU,1,42.69,42.69,Pending,5
ORD-10566,2024-04-15,Coffee Maker,Home & Kitchen,EU,3,41.56,124.68,Refunded,5
ORD-10567,2024-05-15,Notebook Set,Books,UK,5,16.2,81.0,Completed,4
ORD-10568,2024-10-08,Running Shoes,Clothing,APAC,5,59.31,296.55,Completed,3
ORD-10569,2024-05-30,Smartwatch,Electronics,MENA,1,180.18,180.18,Refunded,4
ORD-10570,2024-11-22,Running Shoes,Clothing,UK,2,58.92,117.84,Completed,5
ORD-10571,2024-08-29,Novel - Bestseller,Books,APAC,4,17.64,70.56,Completed,3
ORD-10572,2024-07-08,Bluetooth Speaker,Electronics,APAC,2,62.15,124.3,Completed,4
ORD-10573,2024-08-26,Blender,Home & Kitchen,UK,4,50.11,200.44,Completed,4
ORD-10574,2024-02-13,Dumbbells,Sports,UK,1,34.79,34.79,Pending,5
ORD-10575,2024-02-01,Air Fryer,Home & Kitchen,APAC,5,75.42,377.1,Pending,5
ORD-10576,2024-10-20,Notebook Set,Books,EU,4,16.07,64.28,Refunded,4
ORD-10577,2024-09-14,Running Shoes,Clothing,MENA,1,64.92,64.92,Pending,5
ORD-10578,2024-03-02,Bluetooth Speaker,Electronics,APAC,2,68.73,137.46,Completed,4
ORD-10579,2024-01-22,Python Book,Books,APAC,2,33.05,66.1,Completed,5
ORD-10580,2024-10-31,Backpack,Clothing,UK,2,45.62,91.24,Completed,5
ORD-10581,2024-07-17,Resistance Bands,Sports,MENA,1,19.28,19.28,Refunded,5
ORD-10582,2024-08-22,Smartwatch,Electronics,US,5,222.82,1114.1,Pending,5
ORD-10583,2024-07-31,Notebook Set,Books,EU,1,16.42,16.42,Completed,5
ORD-10584,2024-02-24,Dumbbells,Sports,MENA,1,39.74,39.74,Completed,4
ORD-10585,2024-07-29,Novel - Bestseller,Books,UK,3,19.63,58.89,Refunded,5
ORD-10586,2024-01-20,Blender,Home & Kitchen,EU,4,57.37,229.48,Completed,5
ORD-10587,2024-01-20,Coffee Maker,Home & Kitchen,APAC,4,47.98,191.92,Completed,5
ORD-10588,2024-05-17,Python Book,Books,UK,4,27.36,109.44,Completed,4
ORD-10589,2024-05-23,Novel - Bestseller,Books,APAC,3,20.86,62.58,Completed,4
ORD-10590,2024-06-13,Coffee Maker,Home & Kitchen,UK,4,44.37,177.48,Refunded,5
ORD-10591,2024-04-18,Bluetooth Speaker,Electronics,APAC,4,55.33,221.32,Refunded,5
ORD-10592,2024-09-20,Novel - Bestseller,Books,EU,1,18.87,18.87,Completed,4
ORD-10593,2024-09-25,Jacket,Clothing,MENA,2,81.11,162.22,Completed,4
ORD-10594,2024-01-30,Python Book,Books,EU,2,33.55,67.1,Completed,5
ORD-10595,2024-05-20,Wireless Headphones,Electronics,UK,2,101.64,203.28,Refunded,5
ORD-10596,2024-12-14,Backpack,Clothing,US,1,50.82,50.82,Completed,4
ORD-10597,2024-08-30,Blender,Home & Kitchen,MENA,2,57.67,115.34,Pending,4
ORD-10598,2024-12-18,Smartwatch,Electronics,US,3,188.17,564.51,Completed,3
ORD-10599,2024-04-19,Backpack,Clothing,EU,5,43.8,219.0,Completed,5
ORD-10600,2024-09-19,Python Book,Books,US,4,29.01,116.04,Completed,5
ORD-10601,2024-11-03,Resistance Bands,Sports,US,2,16.33,32.66,Completed,4
ORD-10602,2024-12-30,Dumbbells,Sports,UK,3,41.85,125.55,Refunded,5
ORD-10603,2024-04-21,Novel - Bestseller,Books,APAC,3,18.75,56.25,Completed,5
ORD-10604,2024-10-26,Notebook Set,Books,US,4,16.58,66.32,Completed,5
ORD-10605,2024-10-14,Bluetooth Speaker,Electronics,MENA,3,68.49,205.47,Pending,4
ORD-10606,2024-02-02,Yoga Mat,Sports,UK,4,23.56,94.24,Completed,5
ORD-10607,2024-12-01,Smartwatch,Electronics,UK,3,223.06,669.18,Completed,4
ORD-10608,2024-11-03,Notebook Set,Books,APAC,1,16.36,16.36,Completed,5
ORD-10609,2024-05-31,Coffee Maker,Home & Kitchen,UK,4,49.15,196.6,Refunded,5
ORD-10610,2024-12-28,Backpack,Clothing,MENA,5,52.04,260.2,Completed,4
ORD-10611,2024-11-22,Jacket,Clothing,APAC,5,85.19,425.95,Completed,5
ORD-10612,2024-04-02,Yoga Mat,Sports,UK,5,24.45,122.25,Completed,5
ORD-10613,2024-04-03,Coffee Maker,Home & Kitchen,UK,5,49.38,246.9,Completed,4
ORD-10614,2024-08-03,Smartwatch,Electronics,UK,3,191.16,573.48,Completed,4
ORD-10615,2024-08-28,Dumbbells,Sports,US,1,36.99,36.99,Pending,5
ORD-10616,2024-09-13,Dumbbells,Sports,US,2,34.88,69.76,Refunded,5
ORD-10617,2024-03-11,Yoga Mat,Sports,EU,2,22.07,44.14,Completed,5
ORD-10618,2024-03-14,Dumbbells,Sports,UK,4,42.68,170.72,Completed,3
ORD-10619,2024-06-09,Blender,Home & Kitchen,US,2,54.07,108.14,Completed,5
ORD-10620,2024-10-22,Yoga Mat,Sports,EU,2,20.95,41.9,Refunded,3
ORD-10621,2024-07-25,Coffee Maker,Home & Kitchen,APAC,4,47.94,191.76,Refunded,5
ORD-10622,2024-07-10,Wireless Headphones,Electronics,US,2,81.84,163.68,Completed,5
ORD-10623,2024-11-16,Python Book,Books,EU,1,27.13,27.13,Completed,5
ORD-10624,2024-02-22,Resistance Bands,Sports,APAC,2,17.26,34.52,Pending,5
ORD-10625,2024-06-01,Yoga Mat,Sports,UK,1,20.72,20.72,Refunded,5
ORD-10626,2024-08-10,Notebook Set,Books,EU,3,15.73,47.19,Completed,5
ORD-10627,2024-07-25,Smartwatch,Electronics,US,2,217.49,434.98,Completed,4
ORD-10628,2024-01-12,Jacket,Clothing,MENA,2,90.55,181.1,Pending,4
ORD-10629,2024-07-11,Running Shoes,Clothing,UK,1,64.46,64.46,Pending,5
ORD-10630,2024-12-04,Wireless Headphones,Electronics,US,1,94.35,94.35,Completed,3
ORD-10631,2024-07-13,Jacket,Clothing,US,4,73.39,293.56,Pending,4
ORD-10632,2024-12-21,Blender,Home & Kitchen,US,2,59.15,118.3,Completed,5
ORD-10633,2024-05-18,Bluetooth Speaker,Electronics,MENA,5,55.51,277.55,Pending,5
ORD-10634,2024-09-18,Coffee Maker,Home & Kitchen,MENA,1,45.71,45.71,Completed,4
ORD-10635,2024-04-11,Running Shoes,Clothing,MENA,4,71.25,285.0,Completed,4
ORD-10636,2024-07-02,Novel - Bestseller,Books,APAC,2,19.57,39.14,Completed,4
ORD-10637,2024-12-18,Wireless Headphones,Electronics,APAC,2,93.32,186.64,Completed,4
ORD-10638,2024-02-26,Wireless Headphones,Electronics,MENA,1,81.28,81.28,Refunded,4
ORD-10639,2024-02-21,Running Shoes,Clothing,UK,1,71.17,71.17,Completed,5
ORD-10640,2024-02-21,Yoga Mat,Sports,EU,1,21.25,21.25,Completed,4
ORD-10641,2024-08-06,Smartwatch,Electronics,US,3,220.07,660.21,Completed,3
ORD-10642,2024-06-17,Wireless Headphones,Electronics,UK,2,100.16,200.32,Refunded,5
ORD-10643,2024-07-09,Yoga Mat,Sports,UK,1,24.63,24.63,Completed,3
ORD-10644,2024-05-19,Backpack,Clothing,APAC,4,48.0,192.0,Refunded,5
ORD-10645,2024-02-27,Bluetooth Speaker,Electronics,EU,2,67.28,134.56,Completed,4
ORD-10646,2024-09-04,Running Shoes,Clothing,MENA,5,65.26,326.3,Refunded,4
ORD-10647,2024-11-09,Dumbbells,Sports,US,3,37.81,113.43,Completed,5
ORD-10648,2024-08-13,Resistance Bands,Sports,US,4,17.89,71.56,Completed,4
ORD-10649,2024-10-22,Bluetooth Speaker,Electronics,MENA,5,58.7,293.5,Completed,5
ORD-10650,2024-12-18,Novel - Bestseller,Books,MENA,5,18.7,93.5,Completed,5
ORD-10651,2024-06-26,Bluetooth Speaker,Electronics,APAC,4,64.89,259.56,Completed,5
ORD-10652,2024-01-06,Resistance Bands,Sports,EU,1,20.07,20.07,Pending,5
ORD-10653,2024-02-08,Novel - Bestseller,Books,APAC,2,19.44,38.88,Completed,4
ORD-10654,2024-09-16,Smartwatch,Electronics,EU,1,228.5,228.5,Pending,5
ORD-10655,2024-02-10,Backpack,Clothing,APAC,2,48.04,96.08,Refunded,5
ORD-10656,2024-08-16,Blender,Home & Kitchen,UK,4,50.71,202.84,Completed,5
ORD-10657,2024-07-25,Jacket,Clothing,APAC,1,84.0,84.0,Completed,5
ORD-10658,2024-11-05,Notebook Set,Books,MENA,1,13.49,13.49,Completed,5
ORD-10659,2024-06-23,Notebook Set,Books,UK,4,14.27,57.08,Completed,4
ORD-10660,2024-11-13,Novel - Bestseller,Books,MENA,5,19.25,96.25,Refunded,5
ORD-10661,2024-02-28,Bluetooth Speaker,Electronics,US,4,59.44,237.76,Completed,3
ORD-10662,2024-10-07,Smartwatch,Electronics,MENA,3,197.75,593.25,Completed,5
ORD-10663,2024-09-09,Running Shoes,Clothing,EU,2,59.24,118.48,Refunded,3
ORD-10664,2024-03-02,Yoga Mat,Sports,APAC,2,23.16,46.32,Completed,5
ORD-10665,2024-02-25,Novel - Bestseller,Books,APAC,3,20.8,62.4,Completed,5
ORD-10666,2024-08-18,Novel - Bestseller,Books,APAC,1,20.28,20.28,Pending,5
ORD-10667,2024-09-28,Coffee Maker,Home & Kitchen,US,1,51.91,51.91,Pending,5
ORD-10668,2024-03-31,Novel - Bestseller,Books,MENA,5,19.87,99.35,Completed,5
ORD-10669,2024-12-02,Novel - Bestseller,Books,MENA,4,17.7,70.8,Pending,4
ORD-10670,2024-11-07,Notebook Set,Books,EU,4,16.79,67.16,Completed,5
ORD-10671,2024-03-09,Smartwatch,Electronics,EU,4,228.51,914.04,Refunded,5
ORD-10672,2024-06-02,Jacket,Clothing,MENA,5,88.61,443.05,Completed,5
ORD-10673,2024-04-12,Jacket,Clothing,EU,2,89.58,179.16,Pending,5
ORD-10674,2024-12-29,Yoga Mat,Sports,EU,2,23.58,47.16,Pending,5
ORD-10675,2024-06-29,Jacket,Clothing,MENA,1,83.68,83.68,Refunded,5
ORD-10676,2024-12-11,Dumbbells,Sports,MENA,4,43.16,172.64,Completed,5
ORD-10677,2024-01-13,Air Fryer,Home & Kitchen,APAC,1,65.03,65.03,Completed,3
ORD-10678,2024-03-23,Bluetooth Speaker,Electronics,UK,3,54.84,164.52,Completed,4
ORD-10679,2024-04-14,Novel - Bestseller,Books,MENA,3,17.39,52.17,Completed,4
ORD-10680,2024-12-11,Novel - Bestseller,Books,MENA,5,19.24,96.2,Completed,5
ORD-10681,2024-09-18,Bluetooth Speaker,Electronics,UK,2,62.41,124.82,Completed,5
ORD-10682,2024-10-09,Backpack,Clothing,US,3,48.2,144.6,Completed,5
ORD-10683,2024-04-25,Yoga Mat,Sports,UK,4,20.92,83.68,Pending,5
ORD-10684,2024-05-30,Jacket,Clothing,APAC,2,83.02,166.04,Completed,5
ORD-10685,2024-09-20,Running Shoes,Clothing,US,2,61.54,123.08,Refunded,3
ORD-10686,2024-03-07,Backpack,Clothing,EU,3,46.55,139.65,Pending,4
ORD-10687,2024-01-21,Wireless Headphones,Electronics,EU,2,88.43,176.86,Completed,5
ORD-10688,2024-12-04,Wireless Headphones,Electronics,UK,5,98.4,492.0,Refunded,5
ORD-10689,2024-09-26,Notebook Set,Books,EU,3,14.83,44.49,Completed,5
ORD-10690,2024-07-31,Running Shoes,Clothing,MENA,2,71.28,142.56,Pending,5
ORD-10691,2024-12-05,Running Shoes,Clothing,UK,2,64.18,128.36,Completed,4
ORD-10692,2024-09-28,Yoga Mat,Sports,APAC,5,21.0,105.0,Pending,5
ORD-10693,2024-08-16,Wireless Headphones,Electronics,EU,3,83.57,250.71,Pending,5
ORD-10694,2024-07-14,Python Book,Books,US,3,34.18,102.54,Refunded,4
ORD-10695,2024-09-21,Notebook Set,Books,UK,1,16.2,16.2,Pending,5
ORD-10696,2024-11-29,Blender,Home & Kitchen,EU,3,56.19,168.57,Completed,5
ORD-10697,2024-10-02,Running Shoes,Clothing,MENA,2,73.91,147.82,Completed,5
ORD-10698,2024-12-16,Running Shoes,Clothing,APAC,2,61.93,123.86,Completed,4
ORD-10699,2024-11-27,Notebook Set,Books,US,4,16.6,66.4,Completed,3
ORD-10700,2024-02-14,Blender,Home & Kitchen,US,1,59.36,59.36,Completed,4
ORD-10701,2024-10-21,Air Fryer,Home & Kitchen,EU,1,69.33,69.33,Completed,5
ORD-10702,2024-08-09,Backpack,Clothing,UK,4,48.61,194.44,Completed,5
ORD-10703,2024-11-24,Bluetooth Speaker,Electronics,MENA,1,55.77,55.77,Completed,5
ORD-10704,2024-07-02,Dumbbells,Sports,MENA,1,34.63,34.63,Completed,4
ORD-10705,2024-02-14,Air Fryer,Home & Kitchen,UK,5,77.15,385.75,Refunded,5
ORD-10706,2024-08-30,Backpack,Clothing,EU,1,53.07,53.07,Pending,4
ORD-10707,2024-05-31,Coffee Maker,Home & Kitchen,EU,5,49.44,247.2,Completed,5
ORD-10708,2024-01-06,Resistance Bands,Sports,MENA,3,19.75,59.25,Pending,4
ORD-10709,2024-11-01,Running Shoes,Clothing,APAC,5,59.18,295.9,Pending,5
ORD-10710,2024-04-18,Running Shoes,Clothing,APAC,3,63.45,190.35,Pending,4
ORD-10711,2024-05-09,Coffee Maker,Home & Kitchen,EU,5,43.04,215.2,Completed,4
ORD-10712,2024-10-08,Bluetooth Speaker,Electronics,APAC,1,65.98,65.98,Pending,3
ORD-10713,2024-02-20,Yoga Mat,Sports,EU,3,23.49,70.47,Pending,5
ORD-10714,2024-02-21,Smartwatch,Electronics,UK,2,197.85,395.7,Pending,3
ORD-10715,2024-08-18,Resistance Bands,Sports,UK,4,16.6,66.4,Pending,5
ORD-10716,2024-10-16,Yoga Mat,Sports,MENA,2,23.61,47.22,Completed,4
ORD-10717,2024-05-06,Backpack,Clothing,EU,3,45.22,135.66,Refunded,4
ORD-10718,2024-09-02,Novel - Bestseller,Books,APAC,3,18.8,56.4,Refunded,4
ORD-10719,2024-02-25,Air Fryer,Home & Kitchen,EU,5,70.3,351.5,Pending,3
ORD-10720,2024-10-02,Novel - Bestseller,Books,EU,2,18.42,36.84,Completed,5
ORD-10721,2024-01-10,Resistance Bands,Sports,MENA,1,18.49,18.49,Completed,5
ORD-10722,2024-04-18,Dumbbells,Sports,US,5,38.05,190.25,Pending,4
ORD-10723,2024-08-29,Notebook Set,Books,EU,5,16.84,84.2,Completed,5
ORD-10724,2024-05-28,Python Book,Books,EU,5,33.67,168.35,Refunded,5
ORD-10725,2024-09-14,Notebook Set,Books,US,3,13.83,41.49,Completed,5
ORD-10726,2024-03-12,Bluetooth Speaker,Electronics,APAC,5,56.48,282.4,Completed,4
ORD-10727,2024-09-04,Dumbbells,Sports,UK,2,43.21,86.42,Completed,4
ORD-10728,2024-05-15,Air Fryer,Home & Kitchen,UK,1,73.58,73.58,Completed,3
ORD-10729,2024-07-17,Bluetooth Speaker,Electronics,APAC,3,57.09,171.27,Refunded,3
ORD-10730,2024-02-22,Wireless Headphones,Electronics,MENA,3,103.05,309.15,Completed,5
ORD-10731,2024-03-30,Yoga Mat,Sports,APAC,5,22.98,114.9,Refunded,4
ORD-10732,2024-09-21,Dumbbells,Sports,UK,1,40.41,40.41,Refunded,4
ORD-10733,2024-09-06,Notebook Set,Books,APAC,3,15.01,45.03,Pending,3
ORD-10734,2024-03-25,Notebook Set,Books,EU,4,16.8,67.2,Completed,5
ORD-10735,2024-04-05,Bluetooth Speaker,Electronics,EU,2,58.2,116.4,Completed,5
ORD-10736,2024-07-31,Jacket,Clothing,UK,2,87.23,174.46,Completed,5
ORD-10737,2024-10-29,Bluetooth Speaker,Electronics,EU,2,61.17,122.34,Refunded,3
ORD-10738,2024-10-30,Python Book,Books,EU,5,27.31,136.55,Completed,5
ORD-10739,2024-03-16,Notebook Set,Books,US,5,13.64,68.2,Completed,4
ORD-10740,2024-11-02,Resistance Bands,Sports,MENA,4,16.54,66.16,Completed,5
ORD-10741,2024-02-13,Jacket,Clothing,EU,3,84.17,252.51,Refunded,5
ORD-10742,2024-04-22,Blender,Home & Kitchen,APAC,2,61.43,122.86,Pending,4
ORD-10743,2024-11-15,Air Fryer,Home & Kitchen,MENA,2,75.29,150.58,Completed,4
ORD-10744,2024-11-01,Jacket,Clothing,MENA,4,84.64,338.56,Completed,4
ORD-10745,2024-01-09,Backpack,Clothing,EU,1,47.83,47.83,Pending,5
ORD-10746,2024-11-06,Bluetooth Speaker,Electronics,US,2,60.29,120.58,Completed,5
ORD-10747,2024-09-29,Resistance Bands,Sports,MENA,1,18.44,18.44,Completed,3
ORD-10748,2024-10-03,Blender,Home & Kitchen,US,5,58.57,292.85,Refunded,5
ORD-10749,2024-12-23,Backpack,Clothing,MENA,1,47.64,47.64,Refunded,4
ORD-10750,2024-06-28,Air Fryer,Home & Kitchen,MENA,4,73.48,293.92,Pending,3
ORD-10751,2024-04-29,Backpack,Clothing,US,4,44.81,179.24,Completed,5
ORD-10752,2024-04-06,Resistance Bands,Sports,US,3,18.13,54.39,Completed,5
ORD-10753,2024-07-11,Notebook Set,Books,EU,1,13.93,13.93,Completed,5
ORD-10754,2024-11-29,Smartwatch,Electronics,MENA,4,185.32,741.28,Completed,4
ORD-10755,2024-07-06,Novel - Bestseller,Books,MENA,5,19.64,98.2,Completed,5
ORD-10756,2024-10-09,Backpack,Clothing,MENA,4,52.26,209.04,Refunded,4
ORD-10757,2024-05-09,Smartwatch,Electronics,UK,4,207.94,831.76,Pending,4
ORD-10758,2024-12-03,Air Fryer,Home & Kitchen,US,2,77.5,155.0,Completed,5
ORD-10759,2024-02-21,Air Fryer,Home & Kitchen,EU,2,77.39,154.78,Pending,5
ORD-10760,2024-11-10,Air Fryer,Home & Kitchen,US,5,70.89,354.45,Completed,5
ORD-10761,2024-03-15,Bluetooth Speaker,Electronics,APAC,1,54.07,54.07,Pending,5
ORD-10762,2024-07-08,Running Shoes,Clothing,US,2,59.54,119.08,Pending,3
ORD-10763,2024-11-10,Jacket,Clothing,MENA,4,78.69,314.76,Completed,5
ORD-10764,2024-11-23,Dumbbells,Sports,APAC,2,34.75,69.5,Refunded,3
ORD-10765,2024-05-26,Python Book,Books,EU,5,33.37,166.85,Completed,5
ORD-10766,2024-11-10,Notebook Set,Books,EU,2,15.42,30.84,Completed,4
ORD-10767,2024-02-14,Python Book,Books,UK,2,31.9,63.8,Refunded,4
ORD-10768,2024-04-12,Bluetooth Speaker,Electronics,MENA,5,59.92,299.6,Completed,5
ORD-10769,2024-10-08,Jacket,Clothing,UK,1,72.46,72.46,Pending,5
ORD-10770,2024-04-25,Smartwatch,Electronics,MENA,3,197.36,592.08,Completed,5
ORD-10771,2024-05-13,Resistance Bands,Sports,EU,1,17.52,17.52,Refunded,5
ORD-10772,2024-05-30,Running Shoes,Clothing,UK,5,67.58,337.9,Completed,5
ORD-10773,2024-05-08,Yoga Mat,Sports,APAC,5,24.62,123.1,Refunded,5
ORD-10774,2024-08-22,Blender,Home & Kitchen,APAC,3,60.09,180.27,Pending,3
ORD-10775,2024-07-14,Blender,Home & Kitchen,EU,1,51.1,51.1,Completed,4
ORD-10776,2024-10-01,Backpack,Clothing,US,5,54.67,273.35,Completed,4
ORD-10777,2024-02-08,Yoga Mat,Sports,MENA,3,20.31,60.93,Completed,5
ORD-10778,2024-05-17,Smartwatch,Electronics,EU,5,197.67,988.35,Completed,5
ORD-10779,2024-05-15,Jacket,Clothing,EU,2,75.04,150.08,Completed,4
ORD-10780,2024-07-01,Novel - Bestseller,Books,EU,5,18.28,91.4,Completed,3
ORD-10781,2024-11-10,Resistance Bands,Sports,US,4,16.09,64.36,Pending,3
ORD-10782,2024-06-10,Novel - Bestseller,Books,APAC,5,19.38,96.9,Pending,4
ORD-10783,2024-05-23,Blender,Home & Kitchen,APAC,5,52.01,260.05,Completed,5
ORD-10784,2024-09-01,Coffee Maker,Home & Kitchen,MENA,4,41.57,166.28,Completed,5
ORD-10785,2024-08-22,Smartwatch,Electronics,US,2,199.68,399.36,Pending,5
ORD-10786,2024-12-11,Smartwatch,Electronics,EU,1,214.45,214.45,Refunded,5
ORD-10787,2024-05-12,Running Shoes,Clothing,EU,5,63.79,318.95,Pending,4
ORD-10788,2024-06-24,Python Book,Books,UK,5,29.01,145.05,Completed,5
ORD-10789,2024-07-05,Backpack,Clothing,APAC,3,45.73,137.19,Completed,5
ORD-10790,2024-12-17,Coffee Maker,Home & Kitchen,EU,5,47.45,237.25,Completed,5
ORD-10791,2024-08-09,Yoga Mat,Sports,APAC,5,24.22,121.1,Completed,4
ORD-10792,2024-08-30,Air Fryer,Home & Kitchen,US,2,82.06,164.12,Completed,5
ORD-10793,2024-09-30,Blender,Home & Kitchen,UK,5,51.35,256.75,Refunded,4
ORD-10794,2024-01-25,Yoga Mat,Sports,APAC,5,22.89,114.45,Completed,5
ORD-10795,2024-08-31,Coffee Maker,Home & Kitchen,US,3,41.63,124.89,Refunded,5
ORD-10796,2024-10-13,Smartwatch,Electronics,MENA,3,192.98,578.94,Completed,4
ORD-10797,2024-12-13,Wireless Headphones,Electronics,MENA,3,90.25,270.75,Completed,5
ORD-10798,2024-03-30,Dumbbells,Sports,UK,5,40.37,201.85,Completed,4
ORD-10799,2024-02-10,Bluetooth Speaker,Electronics,APAC,4,61.65,246.6,Pending,4
